{
    "trees": {
        "tree": {
            "key": "tree",
            "version": {
                "endianess": "little",
                "major": 2,
                "minor": 0
            },
            "userData": {
                "ancNumber_Revision": {
                    "type": "string",
                    "value": "S00007950_A"
                },
                "dateTime": {
                    "type": "string",
                    "value": "2023.03.09_18.32.11"
                }
            },
            "physicalNodes": [
                {
                    "nodePath": "/root/TouchConfiguration/jump_list",
                    "tierPath": "/root/TouchConfiguration",
                    "nodeType": "PHYSICAL NODE LIST",
                    "embedded": false,
                    "nextNode": "/root/eod",
                    "detached": true,
                    "address": 0,
                    "size": 16,
                    "contentType": "object",
                    "indexIni": 0,
                    "childrenNum": 1,
                    "children": [
                        {
                            "key": "userInterfaceKey",
                            "uid": 0,
                            "jump": "/root/OvenUserInterface/UserInterface_Nefario_0.0.2/resourceValues"
                        }
                    ]
                },
                {
                    "nodePath": "/root/OvenUserInterface/UserInterface_Nefario_0.0.2/resourceValues",
                    "tierPath": "/root/OvenUserInterface/UserInterface_Nefario_0.0.2",
                    "nodeType": "PHYSICAL RESOURCE",
                    "embedded": false,
                    "nextNode": null,
                    "detached": false,
                    "address": 16,
                    "size": 168,
                    "length": 168,
                    "alignmentSize": 0,
                    "resourceType": "RESOURCE_TYPE_SMALL",
                    "values": [
                        {
                            "type": "binary data",
                            "length": "168",
                            "value": [
                                0,
                                0,
                                0,
                                0,
                                140,
                                0,
                                12,
                                0,
                                72,
                                96,
                                3,
                                0,
                                212,
                                96,
                                3,
                                0,
                                1,
                                1,
                                1,
                                0,
                                1,
                                0,
                                1,
                                1,
                                1,
                                1,
                                2,
                                3,
                                1,
                                2,
                                63,
                                1,
                                0,
                                1,
                                0,
                                0,
                                2,
                                0,
                                0,
                                0,
                                0,
                                0,
                                0,
                                0,
                                0,
                                0,
                                0,
                                0,
                                0,
                                0,
                                0,
                                0,
                                0,
                                0,
                                0,
                                0,
                                0,
                                0,
                                0,
                                0,
                                0,
                                0,
                                0,
                                0,
                                0,
                                0,
                                0,
                                0,
                                0,
                                0,
                                0,
                                0,
                                0,
                                0,
                                0,
                                0,
                                0,
                                0,
                                0,
                                0,
                                0,
                                0,
                                0,
                                0,
                                1,
                                0,
                                0,
                                0,
                                0,
                                0,
                                0,
                                0,
                                0,
                                0,
                                0,
                                0,
                                0,
                                0,
                                0,
                                0,
                                0,
                                0,
                                0,
                                0,
                                0,
                                0,
                                0,
                                0,
                                1,
                                1,
                                1,
                                0,
                                127,
                                0,
                                0,
                                0,
                                212,
                                96,
                                3,
                                0,
                                0,
                                0,
                                0,
                                0,
                                0,
                                0,
                                0,
                                0,
                                0,
                                0,
                                0,
                                0,
                                19,
                                0,
                                0,
                                0,
                                0,
                                0,
                                0,
                                0,
                                0,
                                0,
                                0,
                                0,
                                0,
                                0,
                                0,
                                0,
                                120,
                                96,
                                3,
                                0,
                                76,
                                96,
                                3,
                                0,
                                0,
                                0,
                                0,
                                0,
                                0,
                                0,
                                0,
                                0,
                                0,
                                0,
                                157,
                                133
                            ]
                        }
                    ]
                },
                {
                    "nodePath": "/root/eod",
                    "tierPath": "/root/eod",
                    "nodeType": "PHYSICAL EOD",
                    "embedded": false,
                    "nextNode": null,
                    "detached": false,
                    "address": 184,
                    "size": 4
                }
            ]
        }
    },
    "size": 232
}